Sample,Condition,Dataset,CoarseLabels,FineLabels
Endothelial_HUVEC_PRJEB14751_1,HUVEC,PRJEB14751,endothelial.cells,endothelial.cells
Endothelial_HUVEC_PRJEB14751_2,HUVEC,PRJEB14751,endothelial.cells,endothelial.cells
Endothelial_HUVEC_PRJEB14751_3,HUVEC,PRJEB14751,endothelial.cells,endothelial.cells
Endothelial_HUVEC_PRJEB14751_4,HUVEC,PRJEB14751,endothelial.cells,endothelial.cells
Colon_Primary_PRJNA218851_1,Primary,PRJNA218851,CRC,CRC
Colon_Primary_PRJNA218851_2,Primary,PRJNA218851,CRC,CRC
Colon_Primary_PRJNA218851_3,Primary,PRJNA218851,CRC,CRC
Colon_Primary_PRJNA218851_4,Primary,PRJNA218851,CRC,CRC
Colon_COLO205_PRJNA272556_1,COLO205,PRJNA272556,CRC,CRC
Colon_HT29_PRJNA272556_2,HT29,PRJNA272556,CRC,CRC
Colon_SW480_PRJNA272556_3,SW480,PRJNA272556,CRC,CRC
Colon_HCT15_PRJNA272556_4,HCT15,PRJNA272556,CRC,CRC
Colon_HCT116_PRJNA272556_5,HCT116,PRJNA272556,CRC,CRC
Colon_LoVo_PRJNA272556_6,LoVo,PRJNA272556,CRC,CRC
Colon_LS174T_PRJNA272556_7,LS174T,PRJNA272556,CRC,CRC
Colon_CACO2_PRJNA272556_8,CACO2,PRJNA272556,CRC,CRC
Colon_RKO_PRJNA272556_9,RKO,PRJNA272556,CRC,CRC
Fibroblasts_Normal_PRJNA327180_1,Normal,PRJNA327180,fibroblasts,fibroblasts
Fibroblasts_Normal_PRJNA327180_2,Normal,PRJNA327180,fibroblasts,fibroblasts
Fibroblasts_Normal_PRJNA327180_3,Normal,PRJNA327180,fibroblasts,fibroblasts
Fibroblasts_Cancer_PRJNA327180_1,Cancer,PRJNA327180,fibroblasts,fibroblasts
Fibroblasts_Cancer_PRJNA327180_2,Cancer,PRJNA327180,fibroblasts,fibroblasts
Fibroblasts_Cancer_PRJNA327180_3,Cancer,PRJNA327180,fibroblasts,fibroblasts
Fibroblasts_Cancer_PRJNA338944_1,Cancer,PRJNA338944,fibroblasts,fibroblasts
Fibroblasts_Cancer_PRJNA338944_2,Cancer,PRJNA338944,fibroblasts,fibroblasts
Fibroblasts_Cancer_PRJNA338944_3,Cancer,PRJNA338944,fibroblasts,fibroblasts
Fibroblasts_Cancer_PRJNA338944_4,Cancer,PRJNA338944,fibroblasts,fibroblasts
CD8.naive_Immune_PRJNA418779_1,Immune,PRJNA418779,CD8.T.cells,naive.CD8.T.cells
CD8.CM_Immune_PRJNA418779_2,Immune,PRJNA418779,CD8.T.cells,memory.CD8.T.cells
CD8.EM_Immune_PRJNA418779_3,Immune,PRJNA418779,CD8.T.cells,memory.CD8.T.cells
CD8.TE_Immune_PRJNA418779_4,Immune,PRJNA418779,CD8.T.cells,memory.CD8.T.cells
MAIT_Immune_PRJNA418779_5,Immune,PRJNA418779,CD8.T.cells,NA
TFH_Immune_PRJNA418779_8,Immune,PRJNA418779,CD4.T.cells,NA
Treg_Immune_PRJNA418779_9,Immune,PRJNA418779,CD4.T.cells,regulatory.T.cells
Th1_Immune_PRJNA418779_10,Immune,PRJNA418779,CD4.T.cells,memory.CD4.T.cells
Th1/Th17_Immune_PRJNA418779_11,Immune,PRJNA418779,CD4.T.cells,memory.CD4.T.cells
Th17_Immune_PRJNA418779_12,Immune,PRJNA418779,CD4.T.cells,memory.CD4.T.cells
Th2_Immune_PRJNA418779_13,Immune,PRJNA418779,CD4.T.cells,memory.CD4.T.cells
CD4.naive_Immune_PRJNA418779_14,Immune,PRJNA418779,CD4.T.cells,naive.CD4.T.cells
B.naive_Immune_PRJNA418779_16,Immune,PRJNA418779,B.cells,naive.B.cells
B.NSM_Immune_PRJNA418779_17,Immune,PRJNA418779,B.cells,memory.B.cells
B.Ex_Immune_PRJNA418779_18,Immune,PRJNA418779,B.cells,memory.B.cells
B.SM_Immune_PRJNA418779_19,Immune,PRJNA418779,B.cells,memory.B.cells
C.mono_Immune_PRJNA418779_21,Immune,PRJNA418779,monocytic.lineage,monocytes
I.mono_Immune_PRJNA418779_22,Immune,PRJNA418779,monocytic.lineage,monocytes
NC.mono_Immune_PRJNA418779_23,Immune,PRJNA418779,monocytic.lineage,monocytes
NK_Immune_PRJNA418779_24,Immune,PRJNA418779,NK.cells,NK.cells
mDC_Immune_PRJNA418779_26,Immune,PRJNA418779,monocytic.lineage,myeloid.dendritic.cells
Neutrophils_Immune_PRJNA418779_27,Immune,PRJNA418779,neutrophils,neutrophils
CD8.naive_Immune_PRJNA418779_29,Immune,PRJNA418779,CD8.T.cells,naive.CD8.T.cells
CD8.CM_Immune_PRJNA418779_30,Immune,PRJNA418779,CD8.T.cells,memory.CD8.T.cells
CD8.EM_Immune_PRJNA418779_31,Immune,PRJNA418779,CD8.T.cells,memory.CD8.T.cells
CD8.TE_Immune_PRJNA418779_32,Immune,PRJNA418779,CD8.T.cells,memory.CD8.T.cells
MAIT_Immune_PRJNA418779_33,Immune,PRJNA418779,CD8.T.cells,NA
TFH_Immune_PRJNA418779_36,Immune,PRJNA418779,CD4.T.cells,NA
Treg_Immune_PRJNA418779_37,Immune,PRJNA418779,CD4.T.cells,regulatory.T.cells
Th1_Immune_PRJNA418779_38,Immune,PRJNA418779,CD4.T.cells,memory.CD4.T.cells
Th1/Th17_Immune_PRJNA418779_39,Immune,PRJNA418779,CD4.T.cells,memory.CD4.T.cells
Th17_Immune_PRJNA418779_40,Immune,PRJNA418779,CD4.T.cells,memory.CD4.T.cells
Th2_Immune_PRJNA418779_41,Immune,PRJNA418779,CD4.T.cells,memory.CD4.T.cells
CD4.naive_Immune_PRJNA418779_42,Immune,PRJNA418779,CD4.T.cells,naive.CD4.T.cells
CD4.TE_Immune_PRJNA418779_43,Immune,PRJNA418779,CD4.T.cells,NA
B.naive_Immune_PRJNA418779_45,Immune,PRJNA418779,B.cells,naive.B.cells
B.NSM_Immune_PRJNA418779_46,Immune,PRJNA418779,B.cells,memory.B.cells
B.Ex_Immune_PRJNA418779_47,Immune,PRJNA418779,B.cells,memory.B.cells
B.SM_Immune_PRJNA418779_48,Immune,PRJNA418779,B.cells,memory.B.cells
C.mono_Immune_PRJNA418779_50,Immune,PRJNA418779,monocytic.lineage,monocytes
I.mono_Immune_PRJNA418779_51,Immune,PRJNA418779,monocytic.lineage,monocytes
NC.mono_Immune_PRJNA418779_52,Immune,PRJNA418779,monocytic.lineage,monocytes
NK_Immune_PRJNA418779_53,Immune,PRJNA418779,NK.cells,NK.cells
mDC_Immune_PRJNA418779_55,Immune,PRJNA418779,monocytic.lineage,myeloid.dendritic.cells
Neutrophils_Immune_PRJNA418779_56,Immune,PRJNA418779,neutrophils,neutrophils
CD8.naive_Immune_PRJNA418779_58,Immune,PRJNA418779,CD8.T.cells,naive.CD8.T.cells
CD8.CM_Immune_PRJNA418779_59,Immune,PRJNA418779,CD8.T.cells,memory.CD8.T.cells
CD8.EM_Immune_PRJNA418779_60,Immune,PRJNA418779,CD8.T.cells,memory.CD8.T.cells
CD8.TE_Immune_PRJNA418779_61,Immune,PRJNA418779,CD8.T.cells,memory.CD8.T.cells
MAIT_Immune_PRJNA418779_62,Immune,PRJNA418779,CD8.T.cells,NA
TFH_Immune_PRJNA418779_65,Immune,PRJNA418779,CD4.T.cells,NA
Treg_Immune_PRJNA418779_66,Immune,PRJNA418779,CD4.T.cells,regulatory.T.cells
Th1_Immune_PRJNA418779_67,Immune,PRJNA418779,CD4.T.cells,memory.CD4.T.cells
Th1/Th17_Immune_PRJNA418779_68,Immune,PRJNA418779,CD4.T.cells,memory.CD4.T.cells
Th17_Immune_PRJNA418779_69,Immune,PRJNA418779,CD4.T.cells,memory.CD4.T.cells
Th2_Immune_PRJNA418779_70,Immune,PRJNA418779,CD4.T.cells,memory.CD4.T.cells
CD4.naive_Immune_PRJNA418779_71,Immune,PRJNA418779,CD4.T.cells,naive.CD4.T.cells
CD4.TE_Immune_PRJNA418779_72,Immune,PRJNA418779,CD4.T.cells,NA
B.naive_Immune_PRJNA418779_74,Immune,PRJNA418779,B.cells,naive.B.cells
B.NSM_Immune_PRJNA418779_75,Immune,PRJNA418779,B.cells,memory.B.cells
B.Ex_Immune_PRJNA418779_76,Immune,PRJNA418779,B.cells,memory.B.cells
B.SM_Immune_PRJNA418779_77,Immune,PRJNA418779,B.cells,memory.B.cells
C.mono_Immune_PRJNA418779_79,Immune,PRJNA418779,monocytic.lineage,monocytes
I.mono_Immune_PRJNA418779_80,Immune,PRJNA418779,monocytic.lineage,monocytes
NC.mono_Immune_PRJNA418779_81,Immune,PRJNA418779,monocytic.lineage,monocytes
NK_Immune_PRJNA418779_82,Immune,PRJNA418779,NK.cells,NK.cells
mDC_Immune_PRJNA418779_84,Immune,PRJNA418779,monocytic.lineage,myeloid.dendritic.cells
Neutrophils_Immune_PRJNA418779_85,Immune,PRJNA418779,neutrophils,neutrophils
CD8.naive_Immune_PRJNA418779_87,Immune,PRJNA418779,CD8.T.cells,naive.CD8.T.cells
CD8.CM_Immune_PRJNA418779_88,Immune,PRJNA418779,CD8.T.cells,memory.CD8.T.cells
CD8.EM_Immune_PRJNA418779_89,Immune,PRJNA418779,CD8.T.cells,memory.CD8.T.cells
CD8.TE_Immune_PRJNA418779_96,Immune,PRJNA418779,CD8.T.cells,memory.CD8.T.cells
MAIT_Immune_PRJNA418779_97,Immune,PRJNA418779,CD8.T.cells,NA
TFH_Immune_PRJNA418779_100,Immune,PRJNA418779,CD4.T.cells,NA
Treg_Immune_PRJNA418779_101,Immune,PRJNA418779,CD4.T.cells,regulatory.T.cells
Th1_Immune_PRJNA418779_102,Immune,PRJNA418779,CD4.T.cells,memory.CD4.T.cells
Th1/Th17_Immune_PRJNA418779_103,Immune,PRJNA418779,CD4.T.cells,memory.CD4.T.cells
Th17_Immune_PRJNA418779_104,Immune,PRJNA418779,CD4.T.cells,memory.CD4.T.cells
Th2_Immune_PRJNA418779_105,Immune,PRJNA418779,CD4.T.cells,memory.CD4.T.cells
CD4.naive_Immune_PRJNA418779_106,Immune,PRJNA418779,CD4.T.cells,naive.CD4.T.cells
B.naive_Immune_PRJNA418779_108,Immune,PRJNA418779,B.cells,naive.B.cells
B.NSM_Immune_PRJNA418779_109,Immune,PRJNA418779,B.cells,memory.B.cells
B.Ex_Immune_PRJNA418779_110,Immune,PRJNA418779,B.cells,memory.B.cells
B.SM_Immune_PRJNA418779_111,Immune,PRJNA418779,B.cells,memory.B.cells
C.mono_Immune_PRJNA418779_113,Immune,PRJNA418779,monocytic.lineage,monocytes
I.mono_Immune_PRJNA418779_114,Immune,PRJNA418779,monocytic.lineage,monocytes
NC.mono_Immune_PRJNA418779_115,Immune,PRJNA418779,monocytic.lineage,monocytes
NK_Immune_PRJNA418779_116,Immune,PRJNA418779,NK.cells,NK.cells
mDC_Immune_PRJNA418779_118,Immune,PRJNA418779,monocytic.lineage,myeloid.dendritic.cells
Neutrophils_Immune_PRJNA418779_119,Immune,PRJNA418779,neutrophils,neutrophils
Endothelial_Unstimulated_PRJNA430418_1,Unstimulated,PRJNA430418,endothelial.cells,endothelial.cells
Endothelial_Unstimulated_PRJNA430418_2,Unstimulated,PRJNA430418,endothelial.cells,endothelial.cells
Endothelial_Unstimulated_PRJNA430418_3,Unstimulated,PRJNA430418,endothelial.cells,endothelial.cells
Endothelial_Kidney-Unstimulated_PRJNA471906_1,Kidney-Unstimulated,PRJNA471906,endothelial.cells,endothelial.cells
Endothelial_Lung-Unstimulated_PRJNA471906_2,Lung-Unstimulated,PRJNA471906,endothelial.cells,endothelial.cells
Endothelial_Liver-Unstimulated_PRJNA471906_3,Liver-Unstimulated,PRJNA471906,endothelial.cells,endothelial.cells
Endothelial_Heart-Unstimulated_PRJNA471906_4,Heart-Unstimulated,PRJNA471906,endothelial.cells,endothelial.cells
Endothelial_Kidney-Unstimulated_PRJNA471906_5,Kidney-Unstimulated,PRJNA471906,endothelial.cells,endothelial.cells
Endothelial_Lung-Unstimulated_PRJNA471906_6,Lung-Unstimulated,PRJNA471906,endothelial.cells,endothelial.cells
Endothelial_Liver-Unstimulated_PRJNA471906_7,Liver-Unstimulated,PRJNA471906,endothelial.cells,endothelial.cells
Endothelial_Heart-Unstimulated_PRJNA471906_8,Heart-Unstimulated,PRJNA471906,endothelial.cells,endothelial.cells
Endothelial_Kidney-Unstimulated_PRJNA471906_9,Kidney-Unstimulated,PRJNA471906,endothelial.cells,endothelial.cells
Endothelial_Lung-Unstimulated_PRJNA471906_10,Lung-Unstimulated,PRJNA471906,endothelial.cells,endothelial.cells
Endothelial_Liver-Unstimulated_PRJNA471906_11,Liver-Unstimulated,PRJNA471906,endothelial.cells,endothelial.cells
Endothelial_Heart-Unstimulated_PRJNA471906_12,Heart-Unstimulated,PRJNA471906,endothelial.cells,endothelial.cells
Monocytes_Breast-Cancer_PRJNA483877_1,Breast-Cancer,PRJNA483877,monocytic.lineage,monocytes
Monocytes_Breast-Cancer_PRJNA483877_2,Breast-Cancer,PRJNA483877,monocytic.lineage,monocytes
Monocytes_Breast-Cancer_PRJNA483877_3,Breast-Cancer,PRJNA483877,monocytic.lineage,monocytes
Monocytes_Breast-Cancer_PRJNA483877_4,Breast-Cancer,PRJNA483877,monocytic.lineage,monocytes
Monocytes_Breast-Cancer_PRJNA483877_5,Breast-Cancer,PRJNA483877,monocytic.lineage,monocytes
Macrophages_Breast-Cancer_PRJNA483877_1,Breast-Cancer,PRJNA483877,monocytic.lineage,macrophages
Macrophages_Breast-Cancer_PRJNA483877_2,Breast-Cancer,PRJNA483877,monocytic.lineage,macrophages
Macrophages_Breast-Cancer_PRJNA483877_3,Breast-Cancer,PRJNA483877,monocytic.lineage,macrophages
Macrophages_Breast-Cancer_PRJNA483877_4,Breast-Cancer,PRJNA483877,monocytic.lineage,macrophages
T.CD8_Unstimulated-1001-NovaSeq6000_PRJNA484735_1,Unstimulated-1001-NovaSeq6000,PRJNA484735,CD8.T.cells,NA
T.CD8_Stimulated-1001-NovaSeq6000_PRJNA484735_2,Stimulated-1001-NovaSeq6000,PRJNA484735,CD8.T.cells,NA
T.CD8.CM_Unstimulated-1001-NovaSeq6000_PRJNA484735_3,Unstimulated-1001-NovaSeq6000,PRJNA484735,CD8.T.cells,memory.CD8.T.cells
T.CD8.CM_Stimulated-1001-NovaSeq6000_PRJNA484735_4,Stimulated-1001-NovaSeq6000,PRJNA484735,CD8.T.cells,memory.CD8.T.cells
T.CD8.EM_Unstimulated-1001-NovaSeq6000_PRJNA484735_5,Unstimulated-1001-NovaSeq6000,PRJNA484735,CD8.T.cells,memory.CD8.T.cells
T.CD8.EM_Stimulated-1001-NovaSeq6000_PRJNA484735_6,Stimulated-1001-NovaSeq6000,PRJNA484735,CD8.T.cells,memory.CD8.T.cells
T.CD8.Naive_Unstimulated-1001-NovaSeq6000_PRJNA484735_7,Unstimulated-1001-NovaSeq6000,PRJNA484735,CD8.T.cells,naive.CD8.T.cells
T.CD8.Naive_Stimulated-1001-NovaSeq6000_PRJNA484735_8,Stimulated-1001-NovaSeq6000,PRJNA484735,CD8.T.cells,naive.CD8.T.cells
T.CD4.E_Unstimulated-1001-NovaSeq6000_PRJNA484735_11,Unstimulated-1001-NovaSeq6000,PRJNA484735,CD4.T.cells,NA
T.CD4.E_Stimulated-1001-NovaSeq6000_PRJNA484735_12,Stimulated-1001-NovaSeq6000,PRJNA484735,CD4.T.cells,NA
TFH_Unstimulated-1001-NovaSeq6000_PRJNA484735_13,Unstimulated-1001-NovaSeq6000,PRJNA484735,CD4.T.cells,NA
TFH_Stimulated-1001-NovaSeq6000_PRJNA484735_14,Stimulated-1001-NovaSeq6000,PRJNA484735,CD4.T.cells,NA
Tregs.M_Unstimulated-1001-NovaSeq6000_PRJNA484735_17,Unstimulated-1001-NovaSeq6000,PRJNA484735,CD4.T.cells,regulatory.T.cells
Tregs.M_Stimulated-1001-NovaSeq6000_PRJNA484735_18,Stimulated-1001-NovaSeq6000,PRJNA484735,CD4.T.cells,regulatory.T.cells
Tregs.Naive_Unstimulated-1001-NovaSeq6000_PRJNA484735_21,Unstimulated-1001-NovaSeq6000,PRJNA484735,CD4.T.cells,regulatory.T.cells
Tregs_Unstimulated-1001-NovaSeq6000_PRJNA484735_22,Unstimulated-1001-NovaSeq6000,PRJNA484735,CD4.T.cells,regulatory.T.cells
Tregs_Stimulated-1001-NovaSeq6000_PRJNA484735_23,Stimulated-1001-NovaSeq6000,PRJNA484735,CD4.T.cells,regulatory.T.cells
Th1.precursors_Unstimulated-1001-NovaSeq6000_PRJNA484735_24,Unstimulated-1001-NovaSeq6000,PRJNA484735,CD4.T.cells,memory.CD4.T.cells
Th1.precursors_Stimulated-1001-NovaSeq6000_PRJNA484735_25,Stimulated-1001-NovaSeq6000,PRJNA484735,CD4.T.cells,memory.CD4.T.cells
Th17.precursors_Unstimulated-1001-NovaSeq6000_PRJNA484735_26,Unstimulated-1001-NovaSeq6000,PRJNA484735,CD4.T.cells,memory.CD4.T.cells
Th17.precursors_Stimulated-1001-NovaSeq6000_PRJNA484735_27,Stimulated-1001-NovaSeq6000,PRJNA484735,CD4.T.cells,memory.CD4.T.cells
Th2.precursors_Unstimulated-1001-NovaSeq6000_PRJNA484735_28,Unstimulated-1001-NovaSeq6000,PRJNA484735,CD4.T.cells,memory.CD4.T.cells
Th2.precursors_Stimulated-1001-NovaSeq6000_PRJNA484735_29,Stimulated-1001-NovaSeq6000,PRJNA484735,CD4.T.cells,memory.CD4.T.cells
NK.M_Unstimulated-1001-NovaSeq6000_PRJNA484735_30,Unstimulated-1001-NovaSeq6000,PRJNA484735,NK.cells,NK.cells
NK.M_Stimulated-1001-NovaSeq6000_PRJNA484735_31,Stimulated-1001-NovaSeq6000,PRJNA484735,NK.cells,NK.cells
Monocytes_Unstimulated-1001-NovaSeq6000_PRJNA484735_32,Unstimulated-1001-NovaSeq6000,PRJNA484735,monocytic.lineage,monocytes
Monocytes_Stimulated-1001-NovaSeq6000_PRJNA484735_33,Stimulated-1001-NovaSeq6000,PRJNA484735,monocytic.lineage,monocytes
mDCs_Unstimulated-1001-NovaSeq6000_PRJNA484735_34,Unstimulated-1001-NovaSeq6000,PRJNA484735,monocytic.lineage,myeloid.dendritic.cells
T.CD8_Unstimulated-1002-NovaSeq6000_PRJNA484735_36,Unstimulated-1002-NovaSeq6000,PRJNA484735,CD8.T.cells,NA
T.CD8_Stimulated-1002-NovaSeq6000_PRJNA484735_37,Stimulated-1002-NovaSeq6000,PRJNA484735,CD8.T.cells,NA
T.CD8.CM_Stimulated-1002-NovaSeq6000_PRJNA484735_38,Stimulated-1002-NovaSeq6000,PRJNA484735,CD8.T.cells,memory.CD8.T.cells
T.CD8.EM_Unstimulated-1002-NovaSeq6000_PRJNA484735_39,Unstimulated-1002-NovaSeq6000,PRJNA484735,CD8.T.cells,memory.CD8.T.cells
T.CD8.EM_Stimulated-1002-NovaSeq6000_PRJNA484735_40,Stimulated-1002-NovaSeq6000,PRJNA484735,CD8.T.cells,memory.CD8.T.cells
T.CD8.Naive_Unstimulated-1002-NovaSeq6000_PRJNA484735_41,Unstimulated-1002-NovaSeq6000,PRJNA484735,CD8.T.cells,naive.CD8.T.cells
T.CD8.Naive_Stimulated-1002-NovaSeq6000_PRJNA484735_42,Stimulated-1002-NovaSeq6000,PRJNA484735,CD8.T.cells,naive.CD8.T.cells
T.CD4.E_Stimulated-1002-NovaSeq6000_PRJNA484735_44,Stimulated-1002-NovaSeq6000,PRJNA484735,CD4.T.cells,NA
TFH_Unstimulated-1002-NovaSeq6000_PRJNA484735_45,Unstimulated-1002-NovaSeq6000,PRJNA484735,CD4.T.cells,NA
Tregs.M_Stimulated-1002-NovaSeq6000_PRJNA484735_48,Stimulated-1002-NovaSeq6000,PRJNA484735,CD4.T.cells,regulatory.T.cells
Tregs_Unstimulated-1002-NovaSeq6000_PRJNA484735_51,Unstimulated-1002-NovaSeq6000,PRJNA484735,CD4.T.cells,regulatory.T.cells
Tregs_Stimulated-1002-NovaSeq6000_PRJNA484735_52,Stimulated-1002-NovaSeq6000,PRJNA484735,CD4.T.cells,regulatory.T.cells
Th1.precursors_Unstimulated-1002-NovaSeq6000_PRJNA484735_53,Unstimulated-1002-NovaSeq6000,PRJNA484735,CD4.T.cells,memory.CD4.T.cells
Th1.precursors_Stimulated-1002-NovaSeq6000_PRJNA484735_54,Stimulated-1002-NovaSeq6000,PRJNA484735,CD4.T.cells,memory.CD4.T.cells
Th17.precursors_Unstimulated-1002-NovaSeq6000_PRJNA484735_55,Unstimulated-1002-NovaSeq6000,PRJNA484735,CD4.T.cells,memory.CD4.T.cells
Th17.precursors_Stimulated-1002-NovaSeq6000_PRJNA484735_56,Stimulated-1002-NovaSeq6000,PRJNA484735,CD4.T.cells,memory.CD4.T.cells
Th2.precursors_Unstimulated-1002-NovaSeq6000_PRJNA484735_57,Unstimulated-1002-NovaSeq6000,PRJNA484735,CD4.T.cells,memory.CD4.T.cells
Th2.precursors_Stimulated-1002-NovaSeq6000_PRJNA484735_58,Stimulated-1002-NovaSeq6000,PRJNA484735,CD4.T.cells,memory.CD4.T.cells
NK.M_Unstimulated-1002-NovaSeq6000_PRJNA484735_59,Unstimulated-1002-NovaSeq6000,PRJNA484735,NK.cells,NK.cells
NK.M_Stimulated-1002-NovaSeq6000_PRJNA484735_60,Stimulated-1002-NovaSeq6000,PRJNA484735,NK.cells,NK.cells
NK.M_Unstimulated-1002-NovaSeq6000_PRJNA484735_61,Unstimulated-1002-NovaSeq6000,PRJNA484735,NK.cells,NK.cells
Monocytes_Unstimulated-1002-NovaSeq6000_PRJNA484735_62,Unstimulated-1002-NovaSeq6000,PRJNA484735,monocytic.lineage,monocytes
Monocytes_Stimulated-1002-NovaSeq6000_PRJNA484735_63,Stimulated-1002-NovaSeq6000,PRJNA484735,monocytic.lineage,monocytes
mDCs_Unstimulated-1002-NovaSeq6000_PRJNA484735_64,Unstimulated-1002-NovaSeq6000,PRJNA484735,monocytic.lineage,myeloid.dendritic.cells
T.CD8_Unstimulated-1003-NovaSeq6000_PRJNA484735_65,Unstimulated-1003-NovaSeq6000,PRJNA484735,CD8.T.cells,NA
T.CD8_Stimulated-1003-NovaSeq6000_PRJNA484735_66,Stimulated-1003-NovaSeq6000,PRJNA484735,CD8.T.cells,NA
T.CD8.CM_Unstimulated-1003-NovaSeq6000_PRJNA484735_67,Unstimulated-1003-NovaSeq6000,PRJNA484735,CD8.T.cells,memory.CD8.T.cells
T.CD8.CM_Stimulated-1003-NovaSeq6000_PRJNA484735_68,Stimulated-1003-NovaSeq6000,PRJNA484735,CD8.T.cells,memory.CD8.T.cells
T.CD8.EM_Unstimulated-1003-NovaSeq6000_PRJNA484735_69,Unstimulated-1003-NovaSeq6000,PRJNA484735,CD8.T.cells,memory.CD8.T.cells
T.CD8.EM_Stimulated-1003-NovaSeq6000_PRJNA484735_70,Stimulated-1003-NovaSeq6000,PRJNA484735,CD8.T.cells,memory.CD8.T.cells
T.CD8.Naive_Unstimulated-1003-NovaSeq6000_PRJNA484735_71,Unstimulated-1003-NovaSeq6000,PRJNA484735,CD8.T.cells,naive.CD8.T.cells
T.CD8.Naive_Stimulated-1003-NovaSeq6000_PRJNA484735_72,Stimulated-1003-NovaSeq6000,PRJNA484735,CD8.T.cells,naive.CD8.T.cells
T.CD4.E_Unstimulated-1003-NovaSeq6000_PRJNA484735_75,Unstimulated-1003-NovaSeq6000,PRJNA484735,CD4.T.cells,NA
T.CD4.E_Stimulated-1003-NovaSeq6000_PRJNA484735_76,Stimulated-1003-NovaSeq6000,PRJNA484735,CD4.T.cells,NA
TFH_Unstimulated-1003-NovaSeq6000_PRJNA484735_77,Unstimulated-1003-NovaSeq6000,PRJNA484735,CD4.T.cells,NA
TFH_Stimulated-1003-NovaSeq6000_PRJNA484735_78,Stimulated-1003-NovaSeq6000,PRJNA484735,CD4.T.cells,NA
Tregs.M_Unstimulated-1003-NovaSeq6000_PRJNA484735_81,Unstimulated-1003-NovaSeq6000,PRJNA484735,CD4.T.cells,regulatory.T.cells
Tregs.M_Stimulated-1003-NovaSeq6000_PRJNA484735_82,Stimulated-1003-NovaSeq6000,PRJNA484735,CD4.T.cells,regulatory.T.cells
Tregs_Unstimulated-1003-NovaSeq6000_PRJNA484735_85,Unstimulated-1003-NovaSeq6000,PRJNA484735,CD4.T.cells,regulatory.T.cells
Tregs_Stimulated-1003-NovaSeq6000_PRJNA484735_86,Stimulated-1003-NovaSeq6000,PRJNA484735,CD4.T.cells,regulatory.T.cells
Th1.precursors_Unstimulated-1003-NovaSeq6000_PRJNA484735_87,Unstimulated-1003-NovaSeq6000,PRJNA484735,CD4.T.cells,memory.CD4.T.cells
Th1.precursors_Stimulated-1003-NovaSeq6000_PRJNA484735_88,Stimulated-1003-NovaSeq6000,PRJNA484735,CD4.T.cells,memory.CD4.T.cells
Th17.precursors_Unstimulated-1003-NovaSeq6000_PRJNA484735_89,Unstimulated-1003-NovaSeq6000,PRJNA484735,CD4.T.cells,memory.CD4.T.cells
Th17.precursors_Stimulated-1003-NovaSeq6000_PRJNA484735_90,Stimulated-1003-NovaSeq6000,PRJNA484735,CD4.T.cells,memory.CD4.T.cells
Th2.precursors_Unstimulated-1003-NovaSeq6000_PRJNA484735_91,Unstimulated-1003-NovaSeq6000,PRJNA484735,CD4.T.cells,memory.CD4.T.cells
Th2.precursors_Stimulated-1003-NovaSeq6000_PRJNA484735_92,Stimulated-1003-NovaSeq6000,PRJNA484735,CD4.T.cells,memory.CD4.T.cells
NK.M_Unstimulated-1003-NovaSeq6000_PRJNA484735_93,Unstimulated-1003-NovaSeq6000,PRJNA484735,NK.cells,NK.cells
NK.M_Stimulated-1003-NovaSeq6000_PRJNA484735_94,Stimulated-1003-NovaSeq6000,PRJNA484735,NK.cells,NK.cells
Monocytes_Unstimulated-1003-NovaSeq6000_PRJNA484735_95,Unstimulated-1003-NovaSeq6000,PRJNA484735,monocytic.lineage,monocytes
Monocytes_Stimulated-1003-NovaSeq6000_PRJNA484735_96,Stimulated-1003-NovaSeq6000,PRJNA484735,monocytic.lineage,monocytes
T.CD8_Unstimulated-1004-NovaSeq6000_PRJNA484735_97,Unstimulated-1004-NovaSeq6000,PRJNA484735,CD8.T.cells,NA
T.CD8_Stimulated-1004-NovaSeq6000_PRJNA484735_98,Stimulated-1004-NovaSeq6000,PRJNA484735,CD8.T.cells,NA
T.CD8.CM_Unstimulated-1004-NovaSeq6000_PRJNA484735_99,Unstimulated-1004-NovaSeq6000,PRJNA484735,CD8.T.cells,memory.CD8.T.cells
T.CD8.CM_Stimulated-1004-NovaSeq6000_PRJNA484735_100,Stimulated-1004-NovaSeq6000,PRJNA484735,CD8.T.cells,memory.CD8.T.cells
T.CD8.EM_Unstimulated-1004-NovaSeq6000_PRJNA484735_101,Unstimulated-1004-NovaSeq6000,PRJNA484735,CD8.T.cells,memory.CD8.T.cells
T.CD8.EM_Stimulated-1004-NovaSeq6000_PRJNA484735_102,Stimulated-1004-NovaSeq6000,PRJNA484735,CD8.T.cells,memory.CD8.T.cells
T.CD8.Naive_Unstimulated-1004-NovaSeq6000_PRJNA484735_103,Unstimulated-1004-NovaSeq6000,PRJNA484735,CD8.T.cells,naive.CD8.T.cells
T.CD8.Naive_Stimulated-1004-NovaSeq6000_PRJNA484735_104,Stimulated-1004-NovaSeq6000,PRJNA484735,CD8.T.cells,naive.CD8.T.cells
T.CD4.E_Unstimulated-1004-NovaSeq6000_PRJNA484735_107,Unstimulated-1004-NovaSeq6000,PRJNA484735,CD4.T.cells,NA
T.CD4.E_Stimulated-1004-NovaSeq6000_PRJNA484735_108,Stimulated-1004-NovaSeq6000,PRJNA484735,CD4.T.cells,NA
TFH_Unstimulated-1004-NovaSeq6000_PRJNA484735_109,Unstimulated-1004-NovaSeq6000,PRJNA484735,CD4.T.cells,NA
TFH_Stimulated-1004-NovaSeq6000_PRJNA484735_110,Stimulated-1004-NovaSeq6000,PRJNA484735,CD4.T.cells,NA
Tregs.M_Unstimulated-1004-NovaSeq6000_PRJNA484735_113,Unstimulated-1004-NovaSeq6000,PRJNA484735,CD4.T.cells,regulatory.T.cells
Tregs.M_Stimulated-1004-NovaSeq6000_PRJNA484735_114,Stimulated-1004-NovaSeq6000,PRJNA484735,CD4.T.cells,regulatory.T.cells
Tregs.Naive_Unstimulated-1004-NovaSeq6000_PRJNA484735_117,Unstimulated-1004-NovaSeq6000,PRJNA484735,CD4.T.cells,regulatory.T.cells
Tregs.Naive_Stimulated-1004-NovaSeq6000_PRJNA484735_118,Stimulated-1004-NovaSeq6000,PRJNA484735,CD4.T.cells,regulatory.T.cells
Tregs_Unstimulated-1004-NovaSeq6000_PRJNA484735_119,Unstimulated-1004-NovaSeq6000,PRJNA484735,CD4.T.cells,regulatory.T.cells
Th1.precursors_Stimulated-1004-NovaSeq6000_PRJNA484735_120,Stimulated-1004-NovaSeq6000,PRJNA484735,CD4.T.cells,memory.CD4.T.cells
Th17.precursors_Stimulated-1004-NovaSeq6000_PRJNA484735_121,Stimulated-1004-NovaSeq6000,PRJNA484735,CD4.T.cells,memory.CD4.T.cells
Th2.precursors_Stimulated-1004-NovaSeq6000_PRJNA484735_122,Stimulated-1004-NovaSeq6000,PRJNA484735,CD4.T.cells,memory.CD4.T.cells
NK.M_Unstimulated-1004-NovaSeq6000_PRJNA484735_123,Unstimulated-1004-NovaSeq6000,PRJNA484735,NK.cells,NK.cells
NK.M_Stimulated-1004-NovaSeq6000_PRJNA484735_124,Stimulated-1004-NovaSeq6000,PRJNA484735,NK.cells,NK.cells
Monocytes_Unstimulated-1004-NovaSeq6000_PRJNA484735_125,Unstimulated-1004-NovaSeq6000,PRJNA484735,monocytic.lineage,monocytes
Monocytes_Stimulated-1004-NovaSeq6000_PRJNA484735_126,Stimulated-1004-NovaSeq6000,PRJNA484735,monocytic.lineage,monocytes
mDCs_Unstimulated-1004-NovaSeq6000_PRJNA484735_127,Unstimulated-1004-NovaSeq6000,PRJNA484735,monocytic.lineage,myeloid.dendritic.cells
NK.M_Stimulated-1009-HiSeq4000_PRJNA484735_128,Stimulated-1009-HiSeq4000,PRJNA484735,NK.cells,NK.cells
Monocytes_Stimulated-1009-HiSeq4000_PRJNA484735_129,Stimulated-1009-HiSeq4000,PRJNA484735,monocytic.lineage,monocytes
NK.Naive_Unstimulated-1010-HiSeq4000_PRJNA484735_130,Unstimulated-1010-HiSeq4000,PRJNA484735,NK.cells,NK.cells
Monocytes_Stimulated-1010-HiSeq4000_PRJNA484735_131,Stimulated-1010-HiSeq4000,PRJNA484735,monocytic.lineage,monocytes
B_Unstimulated-1001-NovaSeq6000_PRJNA484735_132,Unstimulated-1001-NovaSeq6000,PRJNA484735,B.cells,NA
B_Stimulated-1001-NovaSeq6000_PRJNA484735_133,Stimulated-1001-NovaSeq6000,PRJNA484735,B.cells,NA
B.Memory_Unstimulated-1001-NovaSeq6000_PRJNA484735_134,Unstimulated-1001-NovaSeq6000,PRJNA484735,B.cells,memory.B.cells
B.Memory_Stimulated-1001-NovaSeq6000_PRJNA484735_135,Stimulated-1001-NovaSeq6000,PRJNA484735,B.cells,memory.B.cells
B.Naive_Unstimulated-1001-NovaSeq6000_PRJNA484735_136,Unstimulated-1001-NovaSeq6000,PRJNA484735,B.cells,naive.B.cells
B.Naive_Stimulated-1001-NovaSeq6000_PRJNA484735_137,Stimulated-1001-NovaSeq6000,PRJNA484735,B.cells,naive.B.cells
B_Unstimulated-1002-NovaSeq6000_PRJNA484735_139,Unstimulated-1002-NovaSeq6000,PRJNA484735,B.cells,NA
B_Stimulated-1002-NovaSeq6000_PRJNA484735_140,Stimulated-1002-NovaSeq6000,PRJNA484735,B.cells,NA
B.Memory_Unstimulated-1002-NovaSeq6000_PRJNA484735_141,Unstimulated-1002-NovaSeq6000,PRJNA484735,B.cells,memory.B.cells
B.Memory_Stimulated-1002-NovaSeq6000_PRJNA484735_142,Stimulated-1002-NovaSeq6000,PRJNA484735,B.cells,memory.B.cells
B.Naive_Unstimulated-1002-NovaSeq6000_PRJNA484735_143,Unstimulated-1002-NovaSeq6000,PRJNA484735,B.cells,naive.B.cells
B_Unstimulated-1003-NovaSeq6000_PRJNA484735_144,Unstimulated-1003-NovaSeq6000,PRJNA484735,B.cells,NA
B_Stimulated-1003-NovaSeq6000_PRJNA484735_145,Stimulated-1003-NovaSeq6000,PRJNA484735,B.cells,NA
B.Memory_Stimulated-1003-NovaSeq6000_PRJNA484735_146,Stimulated-1003-NovaSeq6000,PRJNA484735,B.cells,memory.B.cells
B.Naive_Stimulated-1003-NovaSeq6000_PRJNA484735_147,Stimulated-1003-NovaSeq6000,PRJNA484735,B.cells,naive.B.cells
B_Unstimulated-1004-NovaSeq6000_PRJNA484735_148,Unstimulated-1004-NovaSeq6000,PRJNA484735,B.cells,NA
B.Memory_Unstimulated-1004-NovaSeq6000_PRJNA484735_149,Unstimulated-1004-NovaSeq6000,PRJNA484735,B.cells,memory.B.cells
B.Naive_Unstimulated-1004-NovaSeq6000_PRJNA484735_150,Unstimulated-1004-NovaSeq6000,PRJNA484735,B.cells,naive.B.cells
Monocytes_Stimulated-1008-HiSeq4000_PRJNA484735_151,Stimulated-1008-HiSeq4000,PRJNA484735,monocytic.lineage,monocytes
B.Naive_Stimulated-1009-HiSeq4000_PRJNA484735_152,Stimulated-1009-HiSeq4000,PRJNA484735,B.cells,naive.B.cells
Tregs.Naive_Stimulated-1009-HiSeq4000_PRJNA484735_154,Stimulated-1009-HiSeq4000,PRJNA484735,CD4.T.cells,regulatory.T.cells
B.Memory_Unstimulated-1010-HiSeq4000_PRJNA484735_155,Unstimulated-1010-HiSeq4000,PRJNA484735,B.cells,memory.B.cells
B.Naive_Unstimulated-1010-HiSeq4000_PRJNA484735_156,Unstimulated-1010-HiSeq4000,PRJNA484735,B.cells,naive.B.cells
T.CD4.E_Unstimulated-1010-HiSeq4000_PRJNA484735_157,Unstimulated-1010-HiSeq4000,PRJNA484735,CD4.T.cells,NA
Tregs.Naive_Stimulated-1010-HiSeq4000_PRJNA484735_158,Stimulated-1010-HiSeq4000,PRJNA484735,CD4.T.cells,regulatory.T.cells
Th1.precursors_Unstimulated-1010-HiSeq4000_PRJNA484735_159,Unstimulated-1010-HiSeq4000,PRJNA484735,CD4.T.cells,memory.CD4.T.cells
Th17.precursors_Unstimulated-1010-HiSeq4000_PRJNA484735_160,Unstimulated-1010-HiSeq4000,PRJNA484735,CD4.T.cells,memory.CD4.T.cells
Th2.precursors_Unstimulated-1010-HiSeq4000_PRJNA484735_161,Unstimulated-1010-HiSeq4000,PRJNA484735,CD4.T.cells,memory.CD4.T.cells
B.Naive_Stimulated-1011-HiSeq4000_PRJNA484735_162,Stimulated-1011-HiSeq4000,PRJNA484735,B.cells,naive.B.cells
Monocytes_Stimulated-1011-HiSeq4000_PRJNA484735_164,Stimulated-1011-HiSeq4000,PRJNA484735,monocytic.lineage,monocytes
Breast_MCF7-wt_PRJNA489270_1,MCF7-wt,PRJNA489270,BRCA,BRCA
Breast_MCF7-wt_PRJNA489270_2,MCF7-wt,PRJNA489270,BRCA,BRCA
Breast_MCF7-wt_PRJNA489270_3,MCF7-wt,PRJNA489270,BRCA,BRCA
Colon_Cancer-Primary_PRJNA490870_1,Cancer-Primary,PRJNA490870,CRC,CRC
Colon_Cancer-Primary_PRJNA490870_2,Cancer-Primary,PRJNA490870,CRC,CRC
Colon_Cancer-Primary_PRJNA490870_3,Cancer-Primary,PRJNA490870,CRC,CRC
Colon_Cancer-Primary_PRJNA490870_4,Cancer-Primary,PRJNA490870,CRC,CRC
Breast_MDA.MB.231-Control_PRJNA495625_1,MDA.MB.231-Control,PRJNA495625,BRCA,BRCA
Breast_MDA.MB.231-Control_PRJNA495625_2,MDA.MB.231-Control,PRJNA495625,BRCA,BRCA
Breast_MDA.MB.231-Control_PRJNA495625_3,MDA.MB.231-Control,PRJNA495625,BRCA,BRCA
Macrophages-M1_Ctrl_PRJNA540256_1,Ctrl,PRJNA540256,monocytic.lineage,macrophages
Macrophages-M1_Ctrl_PRJNA540256_2,Ctrl,PRJNA540256,monocytic.lineage,macrophages
Macrophages-M1_Ctrl_PRJNA540256_3,Ctrl,PRJNA540256,monocytic.lineage,macrophages
Macrophages-M1_Endo_PRJNA540256_4,Endo,PRJNA540256,monocytic.lineage,macrophages
Macrophages-M1_Endo_PRJNA540256_5,Endo,PRJNA540256,monocytic.lineage,macrophages
Macrophages-M1_Endo_PRJNA540256_6,Endo,PRJNA540256,monocytic.lineage,macrophages
Macrophages-M1_Endo_PRJNA540256_7,Endo,PRJNA540256,monocytic.lineage,macrophages
Macrophages-M1_Endo_PRJNA540256_8,Endo,PRJNA540256,monocytic.lineage,macrophages
Macrophages-M2_Ctrl_PRJNA540256_9,Ctrl,PRJNA540256,monocytic.lineage,macrophages
Macrophages-M2_Ctrl_PRJNA540256_10,Ctrl,PRJNA540256,monocytic.lineage,macrophages
Macrophages-M2_Ctrl_PRJNA540256_11,Ctrl,PRJNA540256,monocytic.lineage,macrophages
Macrophages-M2_Ctrl_PRJNA540256_12,Ctrl,PRJNA540256,monocytic.lineage,macrophages
Macrophages-M2_Endo_PRJNA540256_13,Endo,PRJNA540256,monocytic.lineage,macrophages
Macrophages-M2_Endo_PRJNA540256_14,Endo,PRJNA540256,monocytic.lineage,macrophages
Macrophages-M2_Endo_PRJNA540256_15,Endo,PRJNA540256,monocytic.lineage,macrophages
Macrophages-M2_Endo_PRJNA540256_16,Endo,PRJNA540256,monocytic.lineage,macrophages
Macrophages-M2_Endo_PRJNA540256_17,Endo,PRJNA540256,monocytic.lineage,macrophages
Macrophages-M2_Endo_PRJNA540256_18,Endo,PRJNA540256,monocytic.lineage,macrophages
Colon_Cancer-Primary_PRJNA562113_1,Cancer-Primary,PRJNA562113,CRC,CRC
Colon_Cancer-Primary_PRJNA562113_2,Cancer-Primary,PRJNA562113,CRC,CRC
Colon_Cancer-Primary_PRJNA562113_3,Cancer-Primary,PRJNA562113,CRC,CRC
Breast_Cancer-Primary_PRJNA598222_1,Cancer-Primary,PRJNA598222,BRCA,BRCA
Breast_Cancer-Primary_PRJNA598222_2,Cancer-Primary,PRJNA598222,BRCA,BRCA
Breast_Cancer-Primary_PRJNA598222_3,Cancer-Primary,PRJNA598222,BRCA,BRCA
Breast_Cancer-Primary_PRJNA598222_4,Cancer-Primary,PRJNA598222,BRCA,BRCA
